{
    "custom.normaldetonate": {
    "category": "master",
    "sounds": [
    "custom/normaldetonate"
  ],
    "subtitle": "subtitles.custom.help"
  },

    "custom.detonatenotblock": {
    "category": "master",
    "sounds": [
    "custom/detonatenotblock"
  ],
    "subtitle": "subtitles.custom.bad"
  },
  
    "custom.vip": {
    "category": "master",
    "sounds": [
    "custom/vip"
  ],
    "subtitle": ""
  },
	"custom.escapepod": {
    "category": "master",
    "sounds": [
    "custom/escapepod"
  ],
    "subtitle": "MUTE YOUR GAME WHILE YOU STILL CAN"
  }
}