{
    "custom.chase": {
    "category": "master",
    "sounds": [
    "custom/chase"
  ],
    "subtitle": "run"
  },

    "custom.uneasy": {
    "category": "master",
    "sounds": [
    "custom/uneasy"
  ],
    "subtitle": "uneasy"
  },
  
	"custom.scream": {
    "category": "master",
    "sounds": [
    "custom/scream"
  ],
    "subtitle": "scream"
  },
  
  "custom.lotus": {
    "category": "master",
    "sounds": [
    "custom/lotus"
  ],
    "subtitle": "lotus"
  }
}