{
    "custom.chase": {
    "category": "master",
    "sounds": [
    "custom/chase"
  ],
    "subtitle": "run"
  },

    "custom.uneasy": {
    "category": "master",
    "sounds": [
    "custom/uneasy"
  ],
    "subtitle": "uneasy"
  },
  
	"custom.scream": {
    "category": "master",
    "sounds": [
    "custom/scream"
  ],
    "subtitle": "scream"
  },
  
  "custom.lotus": {
    "category": "master",
    "sounds": [
    "custom/lotus"
  ],
    "subtitle": "lotus"
  },
  
  "custom.a": {
    "category": "master",
    "sounds": [
    "custom/a"
  ],
    "subtitle": ""
  },
  
  "custom.b": {
    "category": "master",
    "sounds": [
    "custom/b"
  ],
    "subtitle": ""
  },
  
  "custom.c": {
    "category": "master",
    "sounds": [
    "custom/c"
  ],
    "subtitle": ""
  },
  
  "custom.d": {
    "category": "master",
    "sounds": [
    "custom/d"
  ],
    "subtitle": ""
  },
  
  "custom.e": {
    "category": "master",
    "sounds": [
    "custom/e"
  ],
    "subtitle": ""
  },
  "custom.f": {
    "category": "master",
    "sounds": [
    "custom/f"
  ],
    "subtitle": ""
  },
  
  "custom.g": {
    "category": "master",
    "sounds": [
    "custom/g"
  ],
    "subtitle": ""
  },
  
  "custom.h": {
    "category": "master",
    "sounds": [
    "custom/h"
  ],
    "subtitle": ""
  },
  
  "custom.i": {
    "category": "master",
    "sounds": [
    "custom/i"
  ],
    "subtitle": ""
  },
  
  "custom.j": {
    "category": "master",
    "sounds": [
    "custom/j"
  ],
    "subtitle": ""
  },
  
  "custom.k": {
    "category": "master",
    "sounds": [
    "custom/k"
  ],
    "subtitle": ""
  },
  
  "custom.l": {
    "category": "master",
    "sounds": [
    "custom/l"
  ],
    "subtitle": ""
  },
  
  "custom.m": {
    "category": "master",
    "sounds": [
    "custom/m"
  ],
    "subtitle": ""
  },
  
  "custom.n": {
    "category": "master",
    "sounds": [
    "custom/n"
  ],
    "subtitle": ""
  },
  
  "custom.o": {
    "category": "master",
    "sounds": [
    "custom/o"
  ],
    "subtitle": ""
  },
  
  "custom.p": {
    "category": "master",
    "sounds": [
    "custom/p"
  ],
    "subtitle": ""
  },
  
  "custom.q": {
    "category": "master",
    "sounds": [
    "custom/q"
  ],
    "subtitle": ""
  },
  "custom.r": {
    "category": "master",
    "sounds": [
    "custom/r"
  ],
    "subtitle": ""
  },
  "custom.s": {
    "category": "master",
    "sounds": [
    "custom/s"
  ],
    "subtitle": ""
  },
  
  "custom.t": {
    "category": "master",
    "sounds": [
    "custom/t"
  ],
    "subtitle": ""
  },
  
  "custom.u": {
    "category": "master",
    "sounds": [
    "custom/u"
  ],
    "subtitle": ""
  },
  
  "custom.v": {
    "category": "master",
    "sounds": [
    "custom/v"
  ],
    "subtitle": ""
  },
  
  "custom.w": {
    "category": "master",
    "sounds": [
    "custom/w"
  ],
    "subtitle": "w"
  },
  
  "custom.x": {
    "category": "master",
    "sounds": [
    "custom/x"
  ],
    "subtitle": ""
  },
  
  "custom.y": {
    "category": "master",
    "sounds": [
    "custom/y"
  ],
    "subtitle": ""
  },
  
  "custom.z": {
    "category": "master",
    "sounds": [
    "custom/z"
  ],
    "subtitle": ""
  },
  
  "custom.ascend": {
    "category": "master",
    "sounds": [
    "custom/ascend"
  ],
    "subtitle": "ascend"
  }
}