{
	"credit": "Made with Blockbench",
	"texture_size": [128, 128],
	"textures": {
		"0": "custom/texture.png",
		"particle": "custom/texture.png"
	},
	"elements": [
		{
			"from": [3, 0, 0],
			"to": [13, 30, 16],
			"faces": {
				"north": {"uv": [10.375, 10.5, 11.625, 14.25], "texture": "#0"},
				"east": {"uv": [8.375, 10.5, 10.375, 14.25], "texture": "#0"},
				"south": {"uv": [13.625, 10.5, 14.875, 14.25], "texture": "#0"},
				"west": {"uv": [11.625, 10.5, 13.625, 14.25], "texture": "#0"},
				"up": {"uv": [9.625, 16, 1.375, 11.5], "texture": "#0"},
				"down": {"uv": [12.875, 8.5, 11.625, 10.5], "texture": "#0"}
			}
		},
		{
			"from": [0, 0, 3],
			"to": [16, 30, 13],
			"faces": {
				"north": {"uv": [1.25, 10.75, 3.25, 14.5], "texture": "#0"},
				"east": {"uv": [0, 10.75, 1.25, 14.5], "texture": "#0"},
				"south": {"uv": [4.5, 10.75, 6.5, 14.5], "texture": "#0"},
				"west": {"uv": [3.25, 10.75, 4.5, 14.5], "texture": "#0"},
				"up": {"uv": [3.25, 10.75, 1.25, 9.5], "texture": "#0"},
				"down": {"uv": [14.25, 14.5, 12.25, 15.75], "texture": "#0"}
			}
		},
		{
			"from": [-7, 0, 7],
			"to": [23, 1, 9],
			"faces": {
				"north": {"uv": [6.125, 13.875, 9.875, 14], "texture": "#0"},
				"east": {"uv": [5.875, 13.875, 6.125, 14], "texture": "#0"},
				"south": {"uv": [10.125, 13.875, 13.875, 14], "texture": "#0"},
				"west": {"uv": [9.875, 13.875, 10.125, 14], "texture": "#0"},
				"up": {"uv": [9.875, 13.875, 6.125, 13.625], "texture": "#0"},
				"down": {"uv": [13.625, 13.625, 9.875, 13.875], "texture": "#0"}
			}
		},
		{
			"from": [-6, 1, 7],
			"to": [22, 2, 9],
			"faces": {
				"north": {"uv": [8.625, 13.625, 12.125, 13.75], "texture": "#0"},
				"east": {"uv": [8.375, 13.625, 8.625, 13.75], "texture": "#0"},
				"south": {"uv": [12.375, 13.625, 15.875, 13.75], "texture": "#0"},
				"west": {"uv": [12.125, 13.625, 12.375, 13.75], "texture": "#0"},
				"up": {"uv": [12.125, 13.625, 8.625, 13.375], "texture": "#0"},
				"down": {"uv": [15.625, 13.375, 12.125, 13.625], "texture": "#0"}
			}
		},
		{
			"from": [-5, 2, 7],
			"to": [21, 3, 9],
			"faces": {
				"north": {"uv": [9.25, 15.125, 12.5, 15.25], "texture": "#0"},
				"east": {"uv": [9, 15.125, 9.25, 15.25], "texture": "#0"},
				"south": {"uv": [12.75, 15.125, 16, 15.25], "texture": "#0"},
				"west": {"uv": [12.5, 15.125, 12.75, 15.25], "texture": "#0"},
				"up": {"uv": [12.5, 15.125, 9.25, 14.875], "texture": "#0"},
				"down": {"uv": [15.75, 14.875, 12.5, 15.125], "texture": "#0"}
			}
		},
		{
			"from": [-4, 3, 7],
			"to": [20, 4, 9],
			"faces": {
				"north": {"uv": [7.375, 11.375, 10.375, 11.5], "texture": "#0"},
				"east": {"uv": [7.125, 11.375, 7.375, 11.5], "texture": "#0"},
				"south": {"uv": [10.625, 11.375, 13.625, 11.5], "texture": "#0"},
				"west": {"uv": [10.375, 11.375, 10.625, 11.5], "texture": "#0"},
				"up": {"uv": [10.375, 11.375, 7.375, 11.125], "texture": "#0"},
				"down": {"uv": [13.375, 11.125, 10.375, 11.375], "texture": "#0"}
			}
		},
		{
			"from": [-3, 4, 7],
			"to": [19, 5, 9],
			"faces": {
				"north": {"uv": [10.25, 9.5, 13, 9.625], "texture": "#0"},
				"east": {"uv": [10, 9.5, 10.25, 9.625], "texture": "#0"},
				"south": {"uv": [13.25, 9.5, 16, 9.625], "texture": "#0"},
				"west": {"uv": [13, 9.5, 13.25, 9.625], "texture": "#0"},
				"up": {"uv": [13, 9.5, 10.25, 9.25], "texture": "#0"},
				"down": {"uv": [15.75, 9.25, 13, 9.5], "texture": "#0"}
			}
		},
		{
			"from": [-2, 5, 7],
			"to": [18, 6, 9],
			"faces": {
				"north": {"uv": [6, 14.5, 8.5, 14.625], "texture": "#0"},
				"east": {"uv": [5.75, 14.5, 6, 14.625], "texture": "#0"},
				"south": {"uv": [8.75, 14.5, 11.25, 14.625], "texture": "#0"},
				"west": {"uv": [8.5, 14.5, 8.75, 14.625], "texture": "#0"},
				"up": {"uv": [8.5, 14.5, 6, 14.25], "texture": "#0"},
				"down": {"uv": [11, 14.25, 8.5, 14.5], "texture": "#0"}
			}
		},
		{
			"from": [-1, 6, 7],
			"to": [17, 7, 9],
			"faces": {
				"north": {"uv": [2.375, 10.75, 4.625, 10.875], "texture": "#0"},
				"east": {"uv": [2.125, 10.75, 2.375, 10.875], "texture": "#0"},
				"south": {"uv": [4.875, 10.75, 7.125, 10.875], "texture": "#0"},
				"west": {"uv": [4.625, 10.75, 4.875, 10.875], "texture": "#0"},
				"up": {"uv": [4.625, 10.75, 2.375, 10.5], "texture": "#0"},
				"down": {"uv": [6.875, 10.5, 4.625, 10.75], "texture": "#0"}
			}
		},
		{
			"from": [1, 0, 1],
			"to": [15, 32, 15],
			"faces": {
				"north": {"uv": [10.25, 11.125, 12, 15.125], "texture": "#0"},
				"east": {"uv": [8.5, 11.125, 10.25, 15.125], "texture": "#0"},
				"south": {"uv": [13.75, 11.125, 15.5, 15.125], "texture": "#0"},
				"west": {"uv": [12, 11.125, 13.75, 15.125], "texture": "#0"},
				"up": {"uv": [10, 10.125, 0, 0], "texture": "#0"},
				"down": {"uv": [13.75, 9.375, 12, 11.125], "texture": "#0"}
			}
		}
	],
	"display": {
		"thirdperson_righthand": {
			"scale": [0.30664, 0.30664, 0.30664]
		},
		"thirdperson_lefthand": {
			"scale": [0.30664, 0.30664, 0.30664]
		},
		"firstperson_righthand": {
			"scale": [0.30664, 0.30664, 0.30664]
		},
		"firstperson_lefthand": {
			"scale": [0.30664, 0.30664, 0.30664]
		},
		"ground": {
			"rotation": [63.95, -26.29, -40.96],
			"translation": [0, 6.75, 0],
			"scale": [0.54688, 0.54688, 0.54688]
		},
		"gui": {
			"rotation": [25.5, 54.5, 0],
			"translation": [0, -2.75, 0],
			"scale": [0.38867, 0.38867, 0.38867]
		},
		"head": {
			"translation": [0, 14.25, 0]
		},
		"fixed": {
			"rotation": [-90, 0, 0],
			"translation": [0, 0, -29.5],
			"scale": [4, 4, 4]
		}
	}
}