{
  "parent": "minecraft:item/generated",
  "textures": {
    "layer0": "minecraft:item/heart_of_the_sea"
  },
  "overrides": [
    {
      "predicate": {
        "custom_model_data": 1
      },
      "model": "minecraft:item/keycard1"
    },
    {
      "predicate": {
        "custom_model_data": 2
      },
      "model": "minecraft:item/keycard2"
    },
    {
      "predicate": {
        "custom_model_data": 3
      },
      "model": "minecraft:item/keycard3"
    },
    {
      "predicate": {
        "custom_model_data": 4
      },
      "model": "minecraft:item/keycard4"
    },
    {
      "predicate": {
        "custom_model_data": 5
      },
      "model": "minecraft:item/keycard5"
    }
  ]
}
