{
	"credit": "Made with Blockbench",
	"textures": {
		"0": "block/iron_block",
		"1": "block/glowstone",
		"2": "block/polished_andesite",
		"particle": "block/iron_block"
	},
	"elements": [
		{
			"from": [7, 0, 7],
			"to": [9, 15, 9],
			"faces": {
				"north": {"uv": [7, 1, 9, 15], "texture": "#2"},
				"east": {"uv": [5, 1, 7, 15], "texture": "#2"},
				"south": {"uv": [3, 1, 5, 15], "texture": "#2"},
				"west": {"uv": [1, 1, 3, 15], "texture": "#2"},
				"up": {"uv": [1, 3, 3, 5], "texture": "#2"},
				"down": {"uv": [1, 1, 3, 3], "texture": "#2"}
			}
		},
		{
			"from": [6, 15, 6],
			"to": [10, 17, 10],
			"faces": {
				"north": {"uv": [2, 7, 6, 9], "texture": "#0"},
				"east": {"uv": [10, 7, 14, 9], "texture": "#0"},
				"south": {"uv": [6, 10, 10, 12], "texture": "#0"},
				"west": {"uv": [6, 4, 10, 6], "texture": "#0"},
				"up": {"uv": [6, 6, 10, 10], "texture": "#0"},
				"down": {"uv": [6, 6, 10, 10], "texture": "#0"}
			}
		},
		{
			"from": [6, 19, 6],
			"to": [10, 21, 10],
			"faces": {
				"north": {"uv": [11, 9, 15, 11], "texture": "#0"},
				"east": {"uv": [1, 3, 5, 5], "texture": "#0"},
				"south": {"uv": [7, 12, 11, 14], "texture": "#0"},
				"west": {"uv": [7, 3, 11, 5], "texture": "#0"},
				"up": {"uv": [5, 6, 9, 10], "texture": "#0"},
				"down": {"uv": [5, 6, 9, 10], "texture": "#0"}
			}
		},
		{
			"from": [6, 23, 6],
			"to": [10, 25, 10],
			"faces": {
				"north": {"uv": [10, 12, 14, 14], "texture": "#0"},
				"east": {"uv": [1, 9, 5, 11], "texture": "#0"},
				"south": {"uv": [2, 3, 6, 5], "texture": "#0"},
				"west": {"uv": [11, 3, 15, 5], "texture": "#0"},
				"up": {"uv": [6, 6, 10, 10], "texture": "#0"},
				"down": {"uv": [6, 6, 10, 10], "texture": "#0"}
			}
		},
		{
			"from": [6.5, 17, 6.5],
			"to": [9.5, 19, 9.5],
			"faces": {
				"north": {"uv": [2, 13, 5, 15], "texture": "#1"},
				"east": {"uv": [11, 12, 14, 14], "texture": "#1"},
				"south": {"uv": [11, 0, 14, 2], "texture": "#1"},
				"west": {"uv": [3, 4, 6, 6], "texture": "#1"},
				"up": {"uv": [9, 8, 12, 11], "texture": "#1"},
				"down": {"uv": [3, 4, 6, 7], "texture": "#1"}
			}
		},
		{
			"from": [6.5, 21, 6.5],
			"to": [9.5, 23, 9.5],
			"faces": {
				"north": {"uv": [10, 13, 13, 15], "texture": "#1"},
				"east": {"uv": [1, 13, 4, 15], "texture": "#1"},
				"south": {"uv": [13, 5, 16, 7], "texture": "#1"},
				"west": {"uv": [9, 8, 12, 10], "texture": "#1"},
				"up": {"uv": [11, 0, 14, 3], "texture": "#1"},
				"down": {"uv": [3, 4, 6, 7], "texture": "#1"}
			}
		}
	],
	"display": {
		"thirdperson_righthand": {
			"scale": [0.6, 0.6, 0.6]
		},
		"thirdperson_lefthand": {
			"scale": [0.6, 0.6, 0.6]
		},
		"firstperson_righthand": {
			"scale": [0.6, 0.6, 0.6]
		},
		"firstperson_lefthand": {
			"scale": [0.6, 0.6, 0.6]
		},
		"ground": {
			"translation": [0, 1.75, 0],
			"scale": [0.6, 0.6, 0.6]
		},
		"gui": {
			"rotation": [34.27, 43.16, -56.37],
			"translation": [-1, -1.75, 0],
			"scale": [0.55, 0.55, 0.55]
		},
		"head": {
			"rotation": [-90, 0, 0],
			"translation": [0, 7, -4.25]
		},
		"fixed": {
			"translation": [0, -2, 0],
			"scale": [0.55, 0.55, 0.55]
		}
	}
}