{
  "parent": "minecraft:item/generated",
  "textures": {
    "layer0": "minecraft:item/heart_of_the_sea"
  },
  "overrides": [
    {
      "predicate": {
        "custom_model_data": 1
      },
      "model": "minecraft:item/mob_essence"
    },
    {
      "predicate": {
        "custom_model_data": 2
      },
      "model": "minecraft:item/monster_essence"
    },
    {
      "predicate": {
        "custom_model_data": 3
      },
      "model": "minecraft:item/experience"
    },
    {
      "predicate": {
        "custom_model_data": 4
      },
      "model": "minecraft:item/magnet"
    }
  ]
}
